Employee_ID,Month_Label,Department,Team,Manager,Workload_Units,Completed_Units,Productive_Hours,Available_Hours,Average_Quality_Score,Revenue_Contribution,Productivity_Percentage,Capacity_Utilization_Percentage,Monthly_Productivity_Change
E0001,2026-01,Customer Support,SUP-B,Customer Manager 1,158,128,122.2,160,82.79,1518.67,81.01,76.38,
E0001,2026-02,Customer Support,SUP-B,Customer Manager 1,174,131,122.8,160,92.8,1655.62,75.29,76.75,-5.72
E0001,2026-03,Customer Support,SUP-B,Customer Manager 1,171,162,151.9,160,97.22,1908.27,94.74,94.94,19.45
E0001,2026-04,Customer Support,SUP-B,Customer Manager 1,150,149,150.9,160,93.61,1883.16,99.33,94.31,4.59
E0001,2026-05,Customer Support,SUP-B,Customer Manager 1,182,160,164.0,160,93.85,1900.5,87.91,102.5,-11.42
E0001,2026-06,Customer Support,SUP-B,Customer Manager 1,162,151,140.8,160,85.87,1904.15,93.21,88.0,5.3
E0001,2026-07,Customer Support,SUP-B,Customer Manager 1,169,152,141.3,160,91.21,1848.7,89.94,88.31,-3.27
E0001,2026-08,Customer Support,SUP-B,Customer Manager 1,185,173,166.2,160,95.46,2104.07,93.51,103.87,3.57
E0002,2026-04,Customer Support,SUP-B,Customer Manager 3,151,111,102.0,160,92.9,1286.06,73.51,63.75,
E0002,2026-05,Customer Support,SUP-B,Customer Manager 3,175,103,101.4,160,92.37,1206.47,58.86,63.38,-14.65
E0002,2026-06,Customer Support,SUP-B,Customer Manager 3,182,121,123.2,160,92.4,1480.29,66.48,77.0,7.62
E0002,2026-07,Customer Support,SUP-B,Customer Manager 3,184,130,128.4,160,86.3,1506.6,70.65,80.25,4.17
E0002,2026-08,Customer Support,SUP-B,Customer Manager 3,188,140,138.9,160,88.79,1787.9,74.47,86.81,3.82
E0003,2026-01,Marketing,MKT-A,Marketing Manager 1,77,69,121.8,160,98.2,3711.22,89.61,76.12,
E0003,2026-02,Marketing,MKT-A,Marketing Manager 1,78,73,142.1,160,90.13,4212.85,93.59,88.81,3.98
E0003,2026-03,Marketing,MKT-A,Marketing Manager 1,92,83,157.8,160,89.36,4670.45,90.22,98.62,-3.37
E0003,2026-04,Marketing,MKT-A,Marketing Manager 1,90,79,136.9,160,92.03,4517.93,87.78,85.56,-2.44
E0003,2026-05,Marketing,MKT-A,Marketing Manager 1,83,74,143.3,160,90.56,3978.0,89.16,89.56,1.38
E0003,2026-06,Marketing,MKT-A,Marketing Manager 1,91,83,154.4,160,90.1,4373.43,91.21,96.5,2.05
E0003,2026-07,Marketing,MKT-A,Marketing Manager 1,95,74,137.1,160,90.35,4315.53,77.89,85.69,-13.32
E0003,2026-08,Marketing,MKT-A,Marketing Manager 1,94,86,163.7,160,92.4,4855.89,91.49,102.31,13.6
E0004,2026-01,Technology,TEC-B,Technology Manager 2,76,68,137.7,160,93.36,6552.59,89.47,86.06,
E0004,2026-02,Technology,TEC-B,Technology Manager 2,80,64,144.2,160,91.43,6241.71,80.0,90.12,-9.47
E0004,2026-03,Technology,TEC-B,Technology Manager 2,77,66,145.3,160,94.31,6498.03,85.71,90.81,5.71
E0004,2026-04,Technology,TEC-B,Technology Manager 2,90,67,145.6,160,93.61,6367.4,74.44,91.0,-11.27
E0004,2026-05,Technology,TEC-B,Technology Manager 2,81,73,166.3,160,87.47,7288.94,90.12,103.94,15.68
E0004,2026-06,Technology,TEC-B,Technology Manager 2,85,72,150.7,160,95.75,6802.75,84.71,94.19,-5.41
E0004,2026-07,Technology,TEC-B,Technology Manager 2,101,76,162.2,160,90.85,7204.18,75.25,101.38,-9.46
E0004,2026-08,Technology,TEC-B,Technology Manager 2,93,66,144.6,160,91.09,6690.8,70.97,90.38,-4.28
E0005,2026-01,HR,HR-A,HR Manager 3,79,71,146.1,160,88.82,1904.64,89.87,91.31,
E0005,2026-02,HR,HR-A,HR Manager 3,73,67,141.1,160,92.34,1873.16,91.78,88.19,1.91
E0005,2026-03,HR,HR-A,HR Manager 3,75,75,159.0,160,94.77,2076.42,100.0,99.38,8.22
E0005,2026-04,HR,HR-A,HR Manager 3,74,72,152.5,160,89.84,1984.99,97.3,95.31,-2.7
E0005,2026-05,HR,HR-A,HR Manager 3,75,76,161.3,160,90.43,2199.46,101.33,100.81,4.03
E0005,2026-06,HR,HR-A,HR Manager 3,79,67,139.8,160,92.01,1883.02,84.81,87.38,-16.52
E0005,2026-07,HR,HR-A,HR Manager 3,79,69,143.9,160,95.65,1893.95,87.34,89.94,2.53
E0005,2026-08,HR,HR-A,HR Manager 3,88,80,161.0,160,92.31,2227.68,90.91,100.63,3.57
E0006,2026-01,HR,HR-B,HR Manager 3,82,74,150.5,160,88.08,1987.91,90.24,94.06,
E0006,2026-02,HR,HR-B,HR Manager 3,85,77,162.3,160,93.11,2237.18,90.59,101.44,0.35
E0006,2026-03,HR,HR-B,HR Manager 3,79,66,132.4,160,91.82,1863.2,83.54,82.75,-7.05
E0006,2026-04,HR,HR-B,HR Manager 3,86,66,130.4,160,86.43,1776.92,76.74,81.5,-6.8
E0006,2026-05,HR,HR-B,HR Manager 3,80,71,141.4,160,89.58,2078.26,88.75,88.38,12.01
E0006,2026-06,HR,HR-B,HR Manager 3,79,70,143.8,160,96.01,1883.69,88.61,89.88,-0.14
E0006,2026-07,HR,HR-B,HR Manager 3,82,80,161.9,160,90.43,2300.55,97.56,101.19,8.95
E0006,2026-08,HR,HR-B,HR Manager 3,80,74,153.4,160,95.23,2081.72,92.5,95.88,-5.06
E0007,2026-01,Finance,FIN-B,Finance Manager 3,96,93,152.2,160,91.74,2791.3,96.88,95.12,
E0007,2026-02,Finance,FIN-B,Finance Manager 3,98,98,146.4,160,87.37,2972.98,100.0,91.5,3.12
E0007,2026-03,Finance,FIN-B,Finance Manager 3,94,90,142.8,160,87.4,2622.53,95.74,89.25,-4.26
E0007,2026-04,Finance,FIN-B,Finance Manager 3,96,90,150.3,160,85.95,2646.05,93.75,93.94,-1.99
E0007,2026-05,Finance,FIN-B,Finance Manager 3,96,88,131.0,160,90.37,2717.27,91.67,81.88,-2.08
E0007,2026-06,Finance,FIN-B,Finance Manager 3,94,84,140.6,160,96.22,2452.45,89.36,87.87,-2.31
E0007,2026-07,Finance,FIN-B,Finance Manager 3,99,87,142.2,160,94.86,2741.69,87.88,88.88,-1.48
E0007,2026-08,Finance,FIN-B,Finance Manager 3,102,84,127.7,160,86.45,2623.5,82.35,79.81,-5.53
E0008,2026-01,Operations,OPS-B,Operations Manager 2,117,109,138.6,160,93.79,2042.53,93.16,86.62,
E0008,2026-02,Operations,OPS-B,Operations Manager 2,135,113,148.0,160,89.32,2175.88,83.7,92.5,-9.46
E0008,2026-03,Operations,OPS-B,Operations Manager 2,127,104,137.3,160,96.73,1809.82,81.89,85.81,-1.81
E0008,2026-04,Operations,OPS-B,Operations Manager 2,131,115,145.9,160,92.28,2123.22,87.79,91.19,5.9
E0009,2026-01,Technology,TEC-B,Technology Manager 2,71,64,133.3,160,95.26,6006.08,90.14,83.31,
E0009,2026-02,Technology,TEC-B,Technology Manager 2,75,63,134.1,160,85.82,6128.87,84.0,83.81,-6.14
E0009,2026-03,Technology,TEC-B,Technology Manager 2,80,63,143.0,160,91.45,6275.25,78.75,89.38,-5.25
E0009,2026-04,Technology,TEC-B,Technology Manager 2,81,72,152.5,160,90.19,7300.88,88.89,95.31,10.14
E0009,2026-05,Technology,TEC-B,Technology Manager 2,94,64,141.2,160,93.66,6288.95,68.09,88.25,-20.8
E0009,2026-06,Technology,TEC-B,Technology Manager 2,86,75,157.1,160,95.27,7565.97,87.21,98.19,19.12
E0009,2026-07,Technology,TEC-B,Technology Manager 2,98,77,167.2,160,88.62,6966.57,78.57,104.5,-8.64
E0009,2026-08,Technology,TEC-B,Technology Manager 2,109,75,165.9,160,89.63,7095.98,68.81,103.69,-9.76
E0010,2026-07,Operations,OPS-B,Operations Manager 3,159,82,97.3,160,93.62,1456.85,51.57,60.81,
E0010,2026-08,Operations,OPS-B,Operations Manager 3,139,67,86.6,160,87.58,1246.38,48.2,54.12,-3.37
E0011,2026-01,Sales,SAL-A,Sales Manager 2,39,37,131.5,160,91.31,8454.14,94.87,82.19,
E0011,2026-02,Sales,SAL-A,Sales Manager 2,46,45,154.3,160,87.86,9828.57,97.83,96.44,2.96
E0011,2026-03,Sales,SAL-A,Sales Manager 2,43,39,146.1,160,83.47,8518.46,90.7,91.31,-7.13
E0011,2026-04,Sales,SAL-A,Sales Manager 2,46,36,120.6,160,92.0,8333.48,78.26,75.37,-12.44
E0011,2026-05,Sales,SAL-A,Sales Manager 2,48,36,122.7,160,91.86,7597.01,75.0,76.69,-3.26
E0011,2026-06,Sales,SAL-A,Sales Manager 2,49,39,130.1,160,85.73,8965.08,79.59,81.31,4.59
E0011,2026-07,Sales,SAL-A,Sales Manager 2,47,34,117.0,160,89.56,7775.23,72.34,73.12,-7.25
E0011,2026-08,Sales,SAL-A,Sales Manager 2,46,39,139.3,160,86.81,9078.05,84.78,87.06,12.44
E0012,2026-01,Marketing,MKT-A,Marketing Manager 1,78,69,128.6,160,92.66,3903.5,88.46,80.38,
E0012,2026-02,Marketing,MKT-A,Marketing Manager 1,83,80,142.6,160,94.02,4388.68,96.39,89.12,7.93
E0012,2026-03,Marketing,MKT-A,Marketing Manager 1,91,85,154.9,160,93.85,4952.62,93.41,96.81,-2.98
E0012,2026-04,Marketing,MKT-A,Marketing Manager 1,91,84,146.1,160,93.18,4745.16,92.31,91.31,-1.1
E0012,2026-05,Marketing,MKT-A,Marketing Manager 1,88,89,155.4,160,97.86,5013.07,101.14,97.12,8.83
E0012,2026-06,Marketing,MKT-A,Marketing Manager 1,95,85,156.3,160,91.8,4758.75,89.47,97.69,-11.67
E0012,2026-07,Marketing,MKT-A,Marketing Manager 1,97,87,165.3,160,95.46,4673.15,89.69,103.31,0.22
E0012,2026-08,Marketing,MKT-A,Marketing Manager 1,97,77,134.5,160,93.66,4319.01,79.38,84.06,-10.31
E0013,2026-01,Customer Support,SUP-C,Customer Manager 1,170,117,109.5,160,85.15,1416.69,68.82,68.44,
E0013,2026-02,Customer Support,SUP-C,Customer Manager 1,149,148,141.4,160,89.35,1891.88,99.33,88.38,30.51
E0013,2026-03,Customer Support,SUP-C,Customer Manager 1,159,149,149.7,160,97.4,1881.21,93.71,93.56,-5.62
E0013,2026-04,Customer Support,SUP-C,Customer Manager 1,180,168,153.2,160,88.52,2151.78,93.33,95.75,-0.38
E0013,2026-05,Customer Support,SUP-C,Customer Manager 1,171,155,145.2,160,87.64,1886.62,90.64,90.75,-2.69
E0013,2026-06,Customer Support,SUP-C,Customer Manager 1,182,139,126.3,160,86.35,1770.97,76.37,78.94,-14.27
E0013,2026-07,Customer Support,SUP-C,Customer Manager 1,161,140,129.6,160,90.21,1612.39,86.96,81.0,10.59
E0013,2026-08,Customer Support,SUP-C,Customer Manager 1,166,144,138.3,160,93.64,1778.91,86.75,86.44,-0.21
E0014,2026-01,Quality,QUA-A,Quality Manager 2,112,105,154.0,160,91.14,2459.24,93.75,96.25,
E0014,2026-02,Quality,QUA-A,Quality Manager 2,103,94,132.2,160,92.78,2245.39,91.26,82.62,-2.49
E0014,2026-03,Quality,QUA-A,Quality Manager 2,105,98,143.1,160,93.84,2468.43,93.33,89.44,2.07
E0014,2026-04,Quality,QUA-A,Quality Manager 2,102,92,127.1,160,89.33,2231.75,90.2,79.44,-3.13
E0014,2026-05,Quality,QUA-A,Quality Manager 2,110,103,150.4,160,88.1,2456.89,93.64,94.0,3.44
E0014,2026-06,Quality,QUA-A,Quality Manager 2,122,107,158.2,160,90.28,2580.1,87.7,98.87,-5.94
E0014,2026-07,Quality,QUA-A,Quality Manager 2,126,108,148.8,160,91.11,2714.46,85.71,93.0,-1.99
E0014,2026-08,Quality,QUA-A,Quality Manager 2,115,109,154.2,160,93.95,2703.31,94.78,96.37,9.07
E0015,2026-01,Technology,TEC-B,Technology Manager 3,69,63,127.0,160,86.95,5723.95,91.3,79.38,
E0015,2026-02,Technology,TEC-B,Technology Manager 3,77,73,161.6,160,91.06,6661.93,94.81,101.0,3.51
E0015,2026-03,Technology,TEC-B,Technology Manager 3,77,69,154.3,160,87.86,6368.25,89.61,96.44,-5.2
E0015,2026-04,Technology,TEC-B,Technology Manager 3,85,65,136.4,160,93.88,6164.75,76.47,85.25,-13.14
E0015,2026-05,Technology,TEC-B,Technology Manager 3,94,67,141.2,160,99.5,6450.12,71.28,88.25,-5.19
E0015,2026-06,Technology,TEC-B,Technology Manager 3,92,71,156.3,160,94.7,7087.53,77.17,97.69,5.89
E0015,2026-07,Technology,TEC-B,Technology Manager 3,104,66,135.1,160,94.65,6204.31,63.46,84.44,-13.71
E0015,2026-08,Technology,TEC-B,Technology Manager 3,92,67,144.8,160,89.21,6664.45,72.83,90.5,9.37
E0016,2026-04,Operations,OPS-A,Operations Manager 2,139,79,95.0,160,92.97,1353.49,56.83,59.38,
E0016,2026-05,Operations,OPS-A,Operations Manager 2,146,79,100.0,160,95.39,1400.64,54.11,62.5,-2.72
E0016,2026-06,Operations,OPS-A,Operations Manager 2,150,90,113.2,160,90.05,1699.28,60.0,70.75,5.89
E0016,2026-07,Operations,OPS-A,Operations Manager 2,154,98,121.6,160,93.57,1716.59,63.64,76.0,3.64
E0016,2026-08,Operations,OPS-A,Operations Manager 2,142,107,126.0,160,91.86,1995.07,75.35,78.75,11.71
E0017,2026-01,Customer Support,SUP-C,Customer Manager 1,158,135,137.8,160,92.34,1577.06,85.44,86.12,
E0017,2026-02,Customer Support,SUP-C,Customer Manager 1,175,159,144.1,160,85.84,1824.22,90.86,90.06,5.42
E0017,2026-03,Customer Support,SUP-C,Customer Manager 1,155,143,136.8,160,89.82,1743.0,92.26,85.5,1.4
E0017,2026-04,Customer Support,SUP-C,Customer Manager 1,178,149,138.1,160,96.89,1743.86,83.71,86.31,-8.55
E0017,2026-05,Customer Support,SUP-C,Customer Manager 1,176,139,136.0,160,92.08,1782.38,78.98,85.0,-4.73
E0017,2026-06,Customer Support,SUP-C,Customer Manager 1,156,149,146.4,160,95.36,1735.79,95.51,91.5,16.53
E0017,2026-07,Customer Support,SUP-C,Customer Manager 1,162,151,146.6,160,93.78,1814.11,93.21,91.62,-2.3
E0017,2026-08,Customer Support,SUP-C,Customer Manager 1,191,146,141.3,160,93.65,1732.92,76.44,88.31,-16.77
E0018,2026-01,Quality,QUA-B,Quality Manager 1,110,107,157.8,160,88.78,2444.69,97.27,98.62,
E0018,2026-02,Quality,QUA-B,Quality Manager 1,108,104,154.6,160,94.14,2636.99,96.3,96.62,-0.97
E0018,2026-03,Quality,QUA-B,Quality Manager 1,115,96,139.5,160,89.2,2217.8,83.48,87.19,-12.82
E0018,2026-04,Quality,QUA-B,Quality Manager 1,116,102,148.6,160,94.16,2615.45,87.93,92.88,4.45
E0018,2026-05,Quality,QUA-B,Quality Manager 1,114,101,144.7,160,95.88,2426.19,88.6,90.44,0.67
E0018,2026-06,Quality,QUA-B,Quality Manager 1,104,96,132.7,160,97.41,2264.62,92.31,82.94,3.71
E0018,2026-07,Quality,QUA-B,Quality Manager 1,111,108,145.5,160,91.65,2771.59,97.3,90.94,4.99
E0018,2026-08,Quality,QUA-B,Quality Manager 1,113,101,151.4,160,89.78,2557.07,89.38,94.62,-7.92
E0019,2026-01,HR,HR-A,HR Manager 2,77,76,160.8,160,94.24,2065.6,98.7,100.5,
E0019,2026-02,HR,HR-A,HR Manager 2,83,73,136.8,160,89.64,2013.59,87.95,85.5,-10.75
E0019,2026-03,HR,HR-A,HR Manager 2,73,72,142.2,160,91.07,2056.04,98.63,88.88,10.68
E0019,2026-04,HR,HR-A,HR Manager 2,78,72,151.5,160,83.75,1916.46,92.31,94.69,-6.32
E0019,2026-05,HR,HR-A,HR Manager 2,83,77,148.8,160,97.03,2280.85,92.77,93.0,0.46
E0019,2026-06,HR,HR-A,HR Manager 2,87,68,142.0,160,89.14,1848.03,78.16,88.75,-14.61
E0019,2026-07,HR,HR-A,HR Manager 2,89,82,161.7,160,96.44,2236.89,92.13,101.06,13.97
E0019,2026-08,HR,HR-A,HR Manager 2,88,83,164.5,160,91.13,2260.52,94.32,102.81,2.19
E0020,2026-01,Customer Support,SUP-A,Customer Manager 1,146,139,132.9,160,90.37,1618.15,95.21,83.06,
E0020,2026-02,Customer Support,SUP-A,Customer Manager 1,160,152,156.1,160,91.33,1743.85,95.0,97.56,-0.21
E0020,2026-03,Customer Support,SUP-A,Customer Manager 1,174,140,134.9,160,90.41,1686.38,80.46,84.31,-14.54
E0020,2026-04,Customer Support,SUP-A,Customer Manager 1,151,153,153.1,160,92.31,1813.37,101.32,95.69,20.86
E0020,2026-05,Customer Support,SUP-A,Customer Manager 1,154,140,137.9,160,96.3,1766.04,90.91,86.19,-10.41
E0020,2026-06,Customer Support,SUP-A,Customer Manager 1,158,141,135.0,160,90.95,1623.65,89.24,84.38,-1.67
E0020,2026-07,Customer Support,SUP-A,Customer Manager 1,187,165,169.7,160,99.5,2054.22,88.24,106.06,-1.0
E0020,2026-08,Customer Support,SUP-A,Customer Manager 1,187,172,162.9,160,88.95,2007.17,91.98,101.81,3.74
E0021,2026-01,Quality,QUA-A,Quality Manager 3,113,102,149.2,160,87.36,2351.37,90.27,93.25,
E0021,2026-02,Quality,QUA-A,Quality Manager 3,112,94,130.3,160,93.9,2347.68,83.93,81.44,-6.34
E0021,2026-03,Quality,QUA-A,Quality Manager 3,111,106,148.4,160,90.86,2420.25,95.5,92.75,11.57
E0021,2026-04,Quality,QUA-A,Quality Manager 3,108,100,145.3,160,86.97,2562.09,92.59,90.81,-2.91
E0021,2026-05,Quality,QUA-A,Quality Manager 3,112,104,138.7,160,91.3,2449.07,92.86,86.69,0.27
E0021,2026-06,Quality,QUA-A,Quality Manager 3,113,104,144.9,160,92.83,2434.54,92.04,90.56,-0.82
E0021,2026-07,Quality,QUA-A,Quality Manager 3,120,98,139.7,160,94.97,2302.09,81.67,87.31,-10.37
E0021,2026-08,Quality,QUA-A,Quality Manager 3,121,109,151.4,160,90.28,2543.19,90.08,94.62,8.41
E0022,2026-01,Operations,OPS-B,Operations Manager 1,123,89,107.2,160,92.35,1621.14,72.36,67.0,
E0022,2026-02,Operations,OPS-B,Operations Manager 1,125,86,103.7,160,85.17,1624.09,68.8,64.81,-3.56
E0022,2026-03,Operations,OPS-B,Operations Manager 1,138,95,124.8,160,85.44,1757.17,68.84,78.0,0.04
E0022,2026-04,Operations,OPS-B,Operations Manager 1,134,93,109.4,160,88.69,1735.73,69.4,68.38,0.56
E0022,2026-05,Operations,OPS-B,Operations Manager 1,144,100,122.4,160,86.61,1916.56,69.44,76.5,0.04
E0022,2026-06,Operations,OPS-B,Operations Manager 1,132,104,122.1,160,88.31,1830.33,78.79,76.31,9.35
E0022,2026-07,Operations,OPS-B,Operations Manager 1,145,99,127.8,160,92.6,1887.77,68.28,79.88,-10.51
E0022,2026-08,Operations,OPS-B,Operations Manager 1,152,108,127.7,160,93.18,1983.53,71.05,79.81,2.77
E0023,2026-06,Sales,SAL-A,Sales Manager 1,44,28,100.0,160,89.14,6202.52,63.64,62.5,
E0023,2026-07,Sales,SAL-A,Sales Manager 1,51,24,87.7,160,96.15,5085.77,47.06,54.81,-16.58
E0023,2026-08,Sales,SAL-A,Sales Manager 1,55,29,104.4,160,88.03,6515.53,52.73,65.25,5.67
E0024,2026-01,Operations,OPS-C,Operations Manager 3,129,115,152.8,160,89.56,2057.3,89.15,95.5,
E0024,2026-02,Operations,OPS-C,Operations Manager 3,134,121,147.7,160,93.36,2261.15,90.3,92.31,1.15
E0024,2026-03,Operations,OPS-C,Operations Manager 3,127,106,136.2,160,86.45,1844.61,83.46,85.12,-6.84
E0024,2026-04,Operations,OPS-C,Operations Manager 3,124,103,132.8,160,94.72,1847.18,83.06,83.0,-0.4
E0024,2026-05,Operations,OPS-C,Operations Manager 3,145,107,138.8,160,94.99,2027.38,73.79,86.75,-9.27
E0024,2026-06,Operations,OPS-C,Operations Manager 3,149,97,122.6,160,93.32,1660.96,65.1,76.62,-8.69
E0024,2026-07,Operations,OPS-C,Operations Manager 3,158,109,136.3,160,93.03,2075.12,68.99,85.19,3.89
E0024,2026-08,Operations,OPS-C,Operations Manager 3,155,111,133.3,160,94.77,2004.03,71.61,83.31,2.62
E0025,2026-01,HR,HR-A,HR Manager 2,72,66,124.3,160,90.1,1863.02,91.67,77.69,
E0025,2026-02,HR,HR-A,HR Manager 2,84,73,150.2,160,91.46,2139.2,86.9,93.88,-4.77
E0025,2026-03,HR,HR-A,HR Manager 2,78,80,152.7,160,86.32,2183.32,102.56,95.44,15.66
E0025,2026-04,HR,HR-A,HR Manager 2,73,69,134.9,160,98.82,1977.66,94.52,84.31,-8.04
E0025,2026-05,HR,HR-A,HR Manager 2,83,82,157.8,160,92.56,2314.65,98.8,98.62,4.28
E0025,2026-06,HR,HR-A,HR Manager 2,82,70,132.0,160,95.31,2005.48,85.37,82.5,-13.43
E0025,2026-07,HR,HR-A,HR Manager 2,88,72,149.8,160,95.95,2082.33,81.82,93.62,-3.55
E0025,2026-08,HR,HR-A,HR Manager 2,80,71,148.2,160,93.08,2011.41,88.75,92.62,6.93
E0026,2026-01,Customer Support,SUP-C,Customer Manager 1,161,158,145.9,160,94.1,1889.07,98.14,91.19,
E0026,2026-02,Customer Support,SUP-C,Customer Manager 1,160,145,135.4,160,88.41,1792.58,90.62,84.62,-7.52
E0026,2026-03,Customer Support,SUP-C,Customer Manager 1,174,149,144.7,160,97.07,1846.22,85.63,90.44,-4.99
E0026,2026-04,Customer Support,SUP-C,Customer Manager 1,152,145,148.1,160,88.37,1739.81,95.39,92.56,9.76
E0026,2026-05,Customer Support,SUP-C,Customer Manager 1,168,149,147.1,160,92.49,1751.45,88.69,91.94,-6.7
E0026,2026-06,Customer Support,SUP-C,Customer Manager 1,157,138,137.7,160,88.9,1737.11,87.9,86.06,-0.79
E0026,2026-07,Customer Support,SUP-C,Customer Manager 1,188,138,142.0,160,90.09,1663.43,73.4,88.75,-14.5
E0026,2026-08,Customer Support,SUP-C,Customer Manager 1,174,163,163.2,160,98.01,2074.06,93.68,102.0,20.28
E0027,2026-01,Operations,OPS-B,Operations Manager 2,123,112,130.6,160,88.27,2029.39,91.06,81.62,
E0027,2026-02,Operations,OPS-B,Operations Manager 2,122,113,132.9,160,88.93,2031.32,92.62,83.06,1.56
E0027,2026-03,Operations,OPS-B,Operations Manager 2,136,115,135.5,160,92.48,2161.23,84.56,84.69,-8.06
E0027,2026-04,Operations,OPS-B,Operations Manager 2,140,113,141.6,160,93.45,2130.48,80.71,88.5,-3.85
E0027,2026-05,Operations,OPS-B,Operations Manager 2,152,102,133.0,160,89.1,1953.44,67.11,83.12,-13.6
E0027,2026-06,Operations,OPS-B,Operations Manager 2,153,99,116.1,160,99.18,1750.38,64.71,72.56,-2.4
E0027,2026-07,Operations,OPS-B,Operations Manager 2,161,101,122.7,160,92.24,1933.59,62.73,76.69,-1.98
E0027,2026-08,Operations,OPS-B,Operations Manager 2,152,91,111.4,160,85.56,1740.34,59.87,69.62,-2.86
E0028,2026-01,Operations,OPS-A,Operations Manager 3,127,123,153.0,160,92.16,2295.22,96.85,95.62,
E0028,2026-02,Operations,OPS-A,Operations Manager 3,139,107,136.9,160,90.37,2032.35,76.98,85.56,-19.87
E0028,2026-03,Operations,OPS-A,Operations Manager 3,134,117,144.2,160,91.94,2093.56,87.31,90.12,10.33
E0028,2026-04,Operations,OPS-A,Operations Manager 3,137,116,150.7,160,88.07,1997.74,84.67,94.19,-2.64
E0028,2026-05,Operations,OPS-A,Operations Manager 3,143,105,133.6,160,95.47,1992.96,73.43,83.5,-11.24
E0028,2026-06,Operations,OPS-A,Operations Manager 3,153,114,137.8,160,87.12,2099.04,74.51,86.12,1.08
E0028,2026-07,Operations,OPS-A,Operations Manager 3,143,99,116.6,160,84.36,1842.07,69.23,72.88,-5.28
E0028,2026-08,Operations,OPS-A,Operations Manager 3,161,111,139.2,160,94.26,2074.46,68.94,87.0,-0.29
E0029,2026-01,HR,HR-B,HR Manager 1,72,69,140.0,160,86.74,1894.01,95.83,87.5,
E0029,2026-02,HR,HR-B,HR Manager 1,84,75,149.1,160,87.7,2216.47,89.29,93.19,-6.54
E0029,2026-03,HR,HR-B,HR Manager 1,75,66,130.8,160,89.86,1885.22,88.0,81.75,-1.29
E0029,2026-04,HR,HR-B,HR Manager 1,87,67,129.9,160,96.34,1996.07,77.01,81.19,-10.99
E0029,2026-05,HR,HR-B,HR Manager 1,80,72,138.1,160,96.38,2035.02,90.0,86.31,12.99
E0029,2026-06,HR,HR-B,HR Manager 1,85,79,160.2,160,91.5,2277.13,92.94,100.12,2.94
E0029,2026-07,HR,HR-B,HR Manager 1,91,82,167.4,160,97.14,2254.15,90.11,104.63,-2.83
E0029,2026-08,HR,HR-B,HR Manager 1,92,69,142.9,160,93.18,1844.05,75.0,89.31,-15.11
E0030,2026-01,Quality,QUA-B,Quality Manager 1,99,92,132.7,160,84.9,2192.98,92.93,82.94,
E0030,2026-02,Quality,QUA-B,Quality Manager 1,102,94,126.2,160,93.05,2308.94,92.16,78.88,-0.77
E0030,2026-03,Quality,QUA-B,Quality Manager 1,109,93,135.6,160,94.02,2318.57,85.32,84.75,-6.84
E0030,2026-04,Quality,QUA-B,Quality Manager 1,120,111,160.3,160,89.38,2598.43,92.5,100.19,7.18
E0030,2026-05,Quality,QUA-B,Quality Manager 1,122,108,156.9,160,88.6,2595.34,88.52,98.06,-3.98
E0030,2026-06,Quality,QUA-B,Quality Manager 1,123,94,135.3,160,91.57,2195.71,76.42,84.56,-12.1
E0030,2026-07,Quality,QUA-B,Quality Manager 1,114,102,153.5,160,82.69,2352.79,89.47,95.94,13.05
E0030,2026-08,Quality,QUA-B,Quality Manager 1,120,103,149.7,160,90.23,2419.16,85.83,93.56,-3.64
E0031,2026-01,Sales,SAL-C,Sales Manager 3,39,35,120.3,160,85.41,7377.92,89.74,75.19,
E0031,2026-02,Sales,SAL-C,Sales Manager 3,40,38,127.3,160,88.2,8692.62,95.0,79.56,5.26
E0031,2026-03,Sales,SAL-C,Sales Manager 3,44,39,136.4,160,92.28,8445.95,88.64,85.25,-6.36
E0031,2026-04,Sales,SAL-C,Sales Manager 3,44,38,129.9,160,93.99,8422.27,86.36,81.19,-2.28
E0031,2026-05,Sales,SAL-C,Sales Manager 3,45,39,142.3,160,87.56,8941.67,86.67,88.94,0.31
E0031,2026-06,Sales,SAL-C,Sales Manager 3,53,42,141.5,160,88.78,9859.49,79.25,88.44,-7.42
E0031,2026-07,Sales,SAL-C,Sales Manager 3,47,36,124.9,160,83.25,7576.93,76.6,78.06,-2.65
E0032,2026-01,Operations,OPS-B,Operations Manager 3,126,111,131.5,160,88.11,1994.94,88.1,82.19,
E0032,2026-02,Operations,OPS-B,Operations Manager 3,119,105,127.2,160,85.5,1907.83,88.24,79.5,0.14
E0032,2026-03,Operations,OPS-B,Operations Manager 3,127,107,141.3,160,88.19,1888.89,84.25,88.31,-3.99
E0032,2026-04,Operations,OPS-B,Operations Manager 3,133,114,138.4,160,92.58,1963.72,85.71,86.5,1.46
E0032,2026-05,Operations,OPS-B,Operations Manager 3,134,118,144.9,160,89.88,2141.09,88.06,90.56,2.35
E0032,2026-06,Operations,OPS-B,Operations Manager 3,150,96,122.9,160,93.6,1662.99,64.0,76.81,-24.06
E0032,2026-07,Operations,OPS-B,Operations Manager 3,144,93,116.3,160,94.16,1604.34,64.58,72.69,0.58
E0032,2026-08,Operations,OPS-B,Operations Manager 3,138,101,120.7,160,92.43,1939.97,73.19,75.44,8.61
E0033,2026-01,Operations,OPS-A,Operations Manager 3,120,122,144.2,160,89.7,2109.89,101.67,90.12,
E0033,2026-02,Operations,OPS-A,Operations Manager 3,132,124,164.6,160,91.46,2148.47,93.94,102.88,-7.73
E0033,2026-03,Operations,OPS-A,Operations Manager 3,135,103,127.3,160,91.47,1950.79,76.3,79.56,-17.64
E0033,2026-04,Operations,OPS-A,Operations Manager 3,137,112,139.9,160,94.02,2026.56,81.75,87.44,5.45
E0033,2026-05,Operations,OPS-A,Operations Manager 3,140,104,134.2,160,87.74,1988.01,74.29,83.87,-7.46
E0033,2026-06,Operations,OPS-A,Operations Manager 3,152,113,136.5,160,91.0,2066.85,74.34,85.31,0.05
E0033,2026-07,Operations,OPS-A,Operations Manager 3,146,110,138.4,160,91.08,1901.88,75.34,86.5,1.0
E0033,2026-08,Operations,OPS-A,Operations Manager 3,158,96,115.1,160,86.76,1748.75,60.76,71.94,-14.58
E0034,2026-01,Customer Support,SUP-A,Customer Manager 1,156,147,137.2,160,97.63,1881.85,94.23,85.75,
E0034,2026-02,Customer Support,SUP-A,Customer Manager 1,151,152,137.2,160,94.73,1946.76,100.66,85.75,6.43
E0034,2026-03,Customer Support,SUP-A,Customer Manager 1,152,139,132.7,160,88.68,1749.7,91.45,82.94,-9.21
E0034,2026-04,Customer Support,SUP-A,Customer Manager 1,175,169,154.9,160,97.73,2157.59,96.57,96.81,5.12
E0034,2026-05,Customer Support,SUP-A,Customer Manager 1,161,149,142.6,160,96.68,1720.28,92.55,89.12,-4.02
E0034,2026-06,Customer Support,SUP-A,Customer Manager 1,154,152,145.7,160,92.24,1893.92,98.7,91.06,6.15
E0034,2026-07,Customer Support,SUP-A,Customer Manager 1,182,164,160.0,160,96.61,1964.53,90.11,100.0,-8.59
E0034,2026-08,Customer Support,SUP-A,Customer Manager 1,177,141,129.9,160,85.74,1638.73,79.66,81.19,-10.45
E0035,2026-05,Sales,SAL-B,Sales Manager 1,51,25,94.0,160,89.42,5833.03,49.02,58.75,
E0035,2026-06,Sales,SAL-B,Sales Manager 1,46,26,89.4,160,86.06,5772.18,56.52,55.88,7.5
E0035,2026-07,Sales,SAL-B,Sales Manager 1,46,29,97.7,160,93.97,6329.47,63.04,61.06,6.52
E0035,2026-08,Sales,SAL-B,Sales Manager 1,53,34,129.1,160,88.0,7968.59,64.15,80.69,1.11
E0036,2026-01,Technology,TEC-A,Technology Manager 3,71,71,146.7,160,89.09,7025.12,100.0,91.69,
E0036,2026-02,Technology,TEC-A,Technology Manager 3,78,64,141.9,160,96.96,6280.94,82.05,88.69,-17.95
E0036,2026-03,Technology,TEC-A,Technology Manager 3,75,67,149.2,160,91.62,6719.8,89.33,93.25,7.28
E0036,2026-04,Technology,TEC-A,Technology Manager 3,90,73,148.3,160,84.62,7044.24,81.11,92.69,-8.22
E0036,2026-05,Technology,TEC-A,Technology Manager 3,95,68,143.6,160,86.4,6408.59,71.58,89.75,-9.53
E0036,2026-06,Technology,TEC-A,Technology Manager 3,98,79,173.8,160,93.5,7314.75,80.61,108.63,9.03
E0036,2026-07,Technology,TEC-A,Technology Manager 3,91,79,158.8,160,89.62,7389.27,86.81,99.25,6.2
E0036,2026-08,Technology,TEC-A,Technology Manager 3,102,73,160.8,160,94.23,6851.46,71.57,100.5,-15.24
E0037,2026-01,Sales,SAL-A,Sales Manager 2,40,36,125.9,160,89.7,8103.38,90.0,78.69,
E0037,2026-02,Sales,SAL-A,Sales Manager 2,41,38,127.7,160,90.95,8562.94,92.68,79.81,2.68
E0037,2026-03,Sales,SAL-A,Sales Manager 2,47,43,148.1,160,88.2,9970.59,91.49,92.56,-1.19
E0037,2026-04,Sales,SAL-A,Sales Manager 2,46,40,148.6,160,90.32,8553.62,86.96,92.88,-4.53
E0037,2026-05,Sales,SAL-A,Sales Manager 2,47,41,154.5,160,90.55,9012.47,87.23,96.56,0.27
E0037,2026-06,Sales,SAL-A,Sales Manager 2,46,36,123.9,160,86.39,8367.28,78.26,77.44,-8.97
E0037,2026-07,Sales,SAL-A,Sales Manager 2,45,35,129.4,160,89.36,7654.72,77.78,80.88,-0.48
E0037,2026-08,Sales,SAL-A,Sales Manager 2,46,38,141.2,160,88.14,8785.74,82.61,88.25,4.83
E0038,2026-01,Customer Support,SUP-C,Customer Manager 2,154,141,132.7,160,89.91,1618.02,91.56,82.94,
E0038,2026-02,Customer Support,SUP-C,Customer Manager 2,168,141,135.4,160,89.61,1665.91,83.93,84.62,-7.63
E0038,2026-03,Customer Support,SUP-C,Customer Manager 2,166,156,148.5,160,88.04,1802.45,93.98,92.81,10.05
E0038,2026-04,Customer Support,SUP-C,Customer Manager 2,165,147,140.5,160,93.96,1799.95,89.09,87.81,-4.89
E0038,2026-05,Customer Support,SUP-C,Customer Manager 2,158,139,139.0,160,86.8,1628.45,87.97,86.88,-1.12
E0038,2026-06,Customer Support,SUP-C,Customer Manager 2,158,143,139.5,160,95.91,1650.58,90.51,87.19,2.54
E0038,2026-07,Customer Support,SUP-C,Customer Manager 2,169,154,146.9,160,89.41,1869.17,91.12,91.81,0.61
E0038,2026-08,Customer Support,SUP-C,Customer Manager 2,180,170,156.8,160,92.61,1991.68,94.44,98.0,3.32
E0039,2026-01,Customer Support,SUP-B,Customer Manager 3,156,144,138.5,160,87.68,1658.81,92.31,86.56,
E0039,2026-02,Customer Support,SUP-B,Customer Manager 3,151,133,133.6,160,95.17,1694.67,88.08,83.5,-4.23
E0039,2026-03,Customer Support,SUP-B,Customer Manager 3,164,164,166.6,160,90.13,2029.03,100.0,104.12,11.92
E0039,2026-04,Customer Support,SUP-B,Customer Manager 3,153,144,135.1,160,91.77,1747.7,94.12,84.44,-5.88
E0039,2026-05,Customer Support,SUP-B,Customer Manager 3,183,155,159.1,160,90.23,1942.42,84.7,99.44,-9.42
E0039,2026-06,Customer Support,SUP-B,Customer Manager 3,162,142,138.3,160,91.51,1788.92,87.65,86.44,2.95
E0039,2026-07,Customer Support,SUP-B,Customer Manager 3,171,140,126.9,160,92.43,1727.49,81.87,79.31,-5.78
E0039,2026-08,Customer Support,SUP-B,Customer Manager 3,183,163,157.1,160,82.02,2084.89,89.07,98.19,7.2
E0040,2026-01,Technology,TEC-B,Technology Manager 3,69,61,126.0,160,87.87,5682.84,88.41,78.75,
E0040,2026-02,Technology,TEC-B,Technology Manager 3,77,64,145.4,160,97.58,6098.05,83.12,90.88,-5.29
E0040,2026-03,Technology,TEC-B,Technology Manager 3,83,71,146.1,160,90.82,6671.66,85.54,91.31,2.42
E0040,2026-04,Technology,TEC-B,Technology Manager 3,84,70,155.8,160,91.31,6746.0,83.33,97.38,-2.21
E0040,2026-05,Technology,TEC-B,Technology Manager 3,87,75,164.3,160,99.5,7263.14,86.21,102.69,2.88
E0040,2026-06,Technology,TEC-B,Technology Manager 3,101,65,143.2,160,90.7,5939.41,64.36,89.5,-21.85
E0040,2026-07,Technology,TEC-B,Technology Manager 3,97,75,163.3,160,91.51,7584.79,77.32,102.06,12.96
E0040,2026-08,Technology,TEC-B,Technology Manager 3,98,74,148.9,160,92.33,6737.65,75.51,93.06,-1.81
E0041,2026-03,Operations,OPS-A,Operations Manager 2,133,88,114.2,160,92.9,1522.83,66.17,71.38,
E0041,2026-04,Operations,OPS-A,Operations Manager 2,135,89,109.1,160,89.26,1608.74,65.93,68.19,-0.24
E0041,2026-05,Operations,OPS-A,Operations Manager 2,147,93,116.9,160,94.65,1648.08,63.27,73.06,-2.66
E0041,2026-06,Operations,OPS-A,Operations Manager 2,147,88,110.5,160,92.34,1564.03,59.86,69.06,-3.41
E0041,2026-07,Operations,OPS-A,Operations Manager 2,162,111,145.0,160,95.82,1994.44,68.52,90.62,8.66
E0041,2026-08,Operations,OPS-A,Operations Manager 2,143,100,127.1,160,87.98,1723.17,69.93,79.44,1.41
E0042,2026-01,Operations,OPS-C,Operations Manager 2,130,109,136.8,160,95.69,1912.66,83.85,85.5,
E0042,2026-02,Operations,OPS-C,Operations Manager 2,137,110,141.1,160,93.38,1906.18,80.29,88.19,-3.56
E0042,2026-03,Operations,OPS-C,Operations Manager 2,140,114,139.1,160,92.8,2123.8,81.43,86.94,1.14
E0042,2026-04,Operations,OPS-C,Operations Manager 2,146,107,129.0,160,95.19,1948.12,73.29,80.62,-8.14
E0042,2026-05,Operations,OPS-C,Operations Manager 2,141,113,134.3,160,91.87,2089.13,80.14,83.94,6.85
E0042,2026-06,Operations,OPS-C,Operations Manager 2,154,111,136.7,160,93.69,2116.17,72.08,85.44,-8.06
E0042,2026-07,Operations,OPS-C,Operations Manager 2,134,99,126.5,160,91.29,1763.59,73.88,79.06,1.8
E0042,2026-08,Operations,OPS-C,Operations Manager 2,143,107,128.8,160,88.87,1860.12,74.83,80.5,0.95
E0043,2026-01,HR,HR-B,HR Manager 2,83,78,151.3,160,91.16,2253.45,93.98,94.56,
E0043,2026-02,HR,HR-B,HR Manager 2,73,69,140.8,160,98.64,1889.02,94.52,88.0,0.54
E0043,2026-03,HR,HR-B,HR Manager 2,84,75,153.1,160,89.33,2229.03,89.29,95.69,-5.23
E0043,2026-04,HR,HR-B,HR Manager 2,77,73,143.7,160,86.29,2001.49,94.81,89.81,5.52
E0043,2026-05,HR,HR-B,HR Manager 2,74,67,141.3,160,92.59,1969.82,90.54,88.31,-4.27
E0043,2026-06,HR,HR-B,HR Manager 2,74,74,148.4,160,95.49,2052.21,100.0,92.75,9.46
E0043,2026-07,HR,HR-B,HR Manager 2,91,75,149.9,160,90.85,2204.87,82.42,93.69,-17.58
E0043,2026-08,HR,HR-B,HR Manager 2,78,71,133.5,160,91.39,2005.82,91.03,83.44,8.61
E0044,2026-01,Quality,QUA-B,Quality Manager 1,97,86,120.2,160,88.58,2080.76,88.66,75.12,
E0044,2026-02,Quality,QUA-B,Quality Manager 1,115,102,143.3,160,89.42,2465.28,88.7,89.56,0.04
E0044,2026-03,Quality,QUA-B,Quality Manager 1,100,95,133.8,160,87.94,2268.42,95.0,83.62,6.3
E0044,2026-04,Quality,QUA-B,Quality Manager 1,114,100,139.7,160,88.28,2488.81,87.72,87.31,-7.28
E0044,2026-05,Quality,QUA-B,Quality Manager 1,117,106,145.8,160,83.64,2696.45,90.6,91.13,2.88
E0044,2026-06,Quality,QUA-B,Quality Manager 1,117,114,169.3,160,93.94,2618.64,97.44,105.81,6.84
E0044,2026-07,Quality,QUA-B,Quality Manager 1,121,102,136.0,160,93.26,2577.1,84.3,85.0,-13.14
E0044,2026-08,Quality,QUA-B,Quality Manager 1,116,108,144.8,160,94.48,2749.15,93.1,90.5,8.8
E0045,2026-01,Sales,SAL-A,Sales Manager 1,44,39,141.0,160,89.88,8668.79,88.64,88.12,
E0045,2026-02,Sales,SAL-A,Sales Manager 1,43,42,150.7,160,95.6,9773.42,97.67,94.19,9.03
E0045,2026-03,Sales,SAL-A,Sales Manager 1,42,42,150.7,160,96.55,9787.91,100.0,94.19,2.33
E0045,2026-04,Sales,SAL-A,Sales Manager 1,48,43,147.4,160,90.87,9287.4,89.58,92.12,-10.42
E0045,2026-05,Sales,SAL-A,Sales Manager 1,48,38,140.8,160,89.31,8601.97,79.17,88.0,-10.41
E0045,2026-06,Sales,SAL-A,Sales Manager 1,47,37,128.3,160,88.03,7955.5,78.72,80.19,-0.45
E0045,2026-07,Sales,SAL-A,Sales Manager 1,49,37,125.3,160,96.32,8532.81,75.51,78.31,-3.21
E0045,2026-08,Sales,SAL-A,Sales Manager 1,55,37,123.6,160,80.81,8568.02,67.27,77.25,-8.24
E0046,2026-01,Quality,QUA-B,Quality Manager 3,100,89,130.1,160,97.11,2154.43,89.0,81.31,
E0046,2026-02,Quality,QUA-B,Quality Manager 3,110,103,151.3,160,95.57,2568.34,93.64,94.56,4.64
E0046,2026-03,Quality,QUA-B,Quality Manager 3,121,111,166.6,160,90.84,2566.75,91.74,104.12,-1.9
E0046,2026-04,Quality,QUA-B,Quality Manager 3,119,97,143.5,160,90.47,2306.15,81.51,89.69,-10.23
E0046,2026-05,Quality,QUA-B,Quality Manager 3,121,108,148.5,160,90.06,2744.28,89.26,92.81,7.75
E0046,2026-06,Quality,QUA-B,Quality Manager 3,125,108,146.9,160,92.4,2716.89,86.4,91.81,-2.86
E0046,2026-07,Quality,QUA-B,Quality Manager 3,110,101,143.3,160,96.71,2389.59,91.82,89.56,5.42
E0046,2026-08,Quality,QUA-B,Quality Manager 3,122,109,158.4,160,90.89,2549.96,89.34,99.0,-2.48
E0047,2026-01,Customer Support,SUP-C,Customer Manager 1,165,157,153.3,160,97.34,1880.42,95.15,95.81,
E0047,2026-02,Customer Support,SUP-C,Customer Manager 1,153,139,139.0,160,92.36,1590.21,90.85,86.88,-4.3
E0047,2026-03,Customer Support,SUP-C,Customer Manager 1,173,148,150.8,160,88.58,1810.4,85.55,94.25,-5.3
E0047,2026-04,Customer Support,SUP-C,Customer Manager 1,165,159,158.5,160,94.56,1822.71,96.36,99.06,10.81
E0047,2026-05,Customer Support,SUP-C,Customer Manager 1,184,158,161.9,160,94.47,1987.03,85.87,101.19,-10.49
E0047,2026-06,Customer Support,SUP-C,Customer Manager 1,183,162,162.0,160,88.07,1868.85,88.52,101.25,2.65
E0047,2026-07,Customer Support,SUP-C,Customer Manager 1,164,164,156.6,160,90.74,1891.93,100.0,97.88,11.48
E0047,2026-08,Customer Support,SUP-C,Customer Manager 1,181,146,134.6,160,92.41,1810.18,80.66,84.12,-19.34
E0048,2026-01,Finance,FIN-A,Finance Manager 2,88,70,103.6,160,93.5,2230.45,79.55,64.75,
E0048,2026-02,Finance,FIN-A,Finance Manager 2,90,59,94.9,160,95.53,1868.79,65.56,59.31,-13.99
E0048,2026-03,Finance,FIN-A,Finance Manager 2,86,81,128.3,160,91.83,2385.4,94.19,80.19,28.63
E0048,2026-04,Finance,FIN-A,Finance Manager 2,95,73,110.0,160,89.71,2326.62,76.84,68.75,-17.35
E0048,2026-05,Finance,FIN-A,Finance Manager 2,96,91,141.8,160,89.02,2659.62,94.79,88.63,17.95
E0048,2026-06,Finance,FIN-A,Finance Manager 2,89,84,130.5,160,91.55,2562.62,94.38,81.56,-0.41
E0048,2026-07,Finance,FIN-A,Finance Manager 2,86,79,128.0,160,89.59,2406.57,91.86,80.0,-2.52
E0048,2026-08,Finance,FIN-A,Finance Manager 2,91,88,146.1,160,83.0,2763.91,96.7,91.31,4.84
E0049,2026-01,Sales,SAL-A,Sales Manager 1,44,40,143.8,160,91.64,8838.82,90.91,89.88,
E0049,2026-02,Sales,SAL-A,Sales Manager 1,42,37,133.0,160,87.15,8002.45,88.1,83.12,-2.81
E0049,2026-03,Sales,SAL-A,Sales Manager 1,42,38,143.3,160,90.93,8143.05,90.48,89.56,2.38
E0049,2026-04,Sales,SAL-A,Sales Manager 1,42,40,145.4,160,90.78,8631.86,95.24,90.88,4.76
E0049,2026-05,Sales,SAL-A,Sales Manager 1,45,39,145.1,160,85.83,8345.83,86.67,90.69,-8.57
E0049,2026-06,Sales,SAL-A,Sales Manager 1,50,41,139.3,160,95.82,9392.49,82.0,87.06,-4.67
E0049,2026-07,Sales,SAL-A,Sales Manager 1,51,38,142.7,160,90.04,8016.76,74.51,89.19,-7.49
E0049,2026-08,Sales,SAL-A,Sales Manager 1,53,36,120.0,160,93.12,8283.44,67.92,75.0,-6.59
E0050,2026-01,Sales,SAL-C,Sales Manager 3,40,40,144.6,160,83.25,9091.94,100.0,90.38,
E0050,2026-02,Sales,SAL-C,Sales Manager 3,42,38,129.8,160,94.16,8856.32,90.48,81.12,-9.52
E0050,2026-03,Sales,SAL-C,Sales Manager 3,49,38,141.4,160,93.41,8860.0,77.55,88.38,-12.93
E0050,2026-04,Sales,SAL-C,Sales Manager 3,44,40,137.7,160,90.59,8975.64,90.91,86.06,13.36
E0050,2026-05,Sales,SAL-C,Sales Manager 3,48,38,138.1,160,88.54,8915.35,79.17,86.31,-11.74
E0050,2026-06,Sales,SAL-C,Sales Manager 3,53,40,150.6,160,84.9,8372.57,75.47,94.12,-3.7
E0050,2026-07,Sales,SAL-C,Sales Manager 3,48,39,138.7,160,87.6,8685.84,81.25,86.69,5.78
E0050,2026-08,Sales,SAL-C,Sales Manager 3,49,40,141.9,160,94.05,8884.66,81.63,88.69,0.38
E0051,2026-01,Finance,FIN-A,Finance Manager 3,90,85,136.5,160,92.07,2610.1,94.44,85.31,
E0051,2026-02,Finance,FIN-A,Finance Manager 3,98,84,139.9,160,91.33,2496.26,85.71,87.44,-8.73
E0051,2026-03,Finance,FIN-A,Finance Manager 3,88,84,130.5,160,89.86,2600.66,95.45,81.56,9.74
E0051,2026-04,Finance,FIN-A,Finance Manager 3,90,87,135.4,160,88.61,2791.49,96.67,84.62,1.22
E0051,2026-05,Finance,FIN-A,Finance Manager 3,93,82,133.0,160,93.53,2570.93,88.17,83.12,-8.5
E0051,2026-06,Finance,FIN-A,Finance Manager 3,86,81,126.7,160,95.02,2551.84,94.19,79.19,6.02
E0051,2026-07,Finance,FIN-A,Finance Manager 3,86,87,140.7,160,95.88,2515.86,101.16,87.94,6.97
E0051,2026-08,Finance,FIN-A,Finance Manager 3,96,92,154.4,160,86.76,2836.96,95.83,96.5,-5.33
E0052,2026-01,Customer Support,SUP-B,Customer Manager 3,154,135,126.4,160,86.8,1552.88,87.66,79.0,
E0052,2026-02,Customer Support,SUP-B,Customer Manager 3,168,141,130.9,160,95.61,1614.85,83.93,81.81,-3.73
E0052,2026-03,Customer Support,SUP-B,Customer Manager 3,153,146,138.0,160,94.36,1757.84,95.42,86.25,11.49
E0052,2026-04,Customer Support,SUP-B,Customer Manager 3,155,141,131.6,160,83.3,1782.26,90.97,82.25,-4.45
E0052,2026-05,Customer Support,SUP-B,Customer Manager 3,151,139,140.0,160,89.6,1664.33,92.05,87.5,1.08
E0052,2026-06,Customer Support,SUP-B,Customer Manager 3,170,158,149.8,160,93.57,1928.91,92.94,93.62,0.89
E0052,2026-07,Customer Support,SUP-B,Customer Manager 3,176,169,170.3,160,88.9,2141.79,96.02,106.44,3.08
E0052,2026-08,Customer Support,SUP-B,Customer Manager 3,176,157,147.3,160,86.85,1952.4,89.2,92.06,-6.82
E0053,2026-04,Technology,TEC-B,Technology Manager 1,89,50,108.0,160,94.2,4967.9,56.18,67.5,
E0053,2026-05,Technology,TEC-B,Technology Manager 1,87,50,101.5,160,90.8,4695.82,57.47,63.44,1.29
E0053,2026-06,Technology,TEC-B,Technology Manager 1,99,61,130.5,160,92.77,5613.04,61.62,81.56,4.15
E0053,2026-07,Technology,TEC-B,Technology Manager 1,98,60,129.9,160,87.6,5659.54,61.22,81.19,-0.4
E0053,2026-08,Technology,TEC-B,Technology Manager 1,102,66,143.9,160,93.92,6656.64,64.71,89.94,3.49
E0054,2026-01,Quality,QUA-B,Quality Manager 3,107,104,153.9,160,93.49,2515.59,97.2,96.19,
E0054,2026-02,Quality,QUA-B,Quality Manager 3,107,94,137.8,160,91.4,2248.12,87.85,86.12,-9.35
E0054,2026-03,Quality,QUA-B,Quality Manager 3,103,102,150.4,160,91.09,2447.99,99.03,94.0,11.18
E0054,2026-04,Quality,QUA-B,Quality Manager 3,112,110,159.7,160,94.09,2535.81,98.21,99.81,-0.82
E0054,2026-05,Quality,QUA-B,Quality Manager 3,114,112,154.1,160,93.93,2745.1,98.25,96.31,0.04
E0054,2026-06,Quality,QUA-B,Quality Manager 3,113,100,140.7,160,87.63,2349.38,88.5,87.94,-9.75
E0054,2026-07,Quality,QUA-B,Quality Manager 3,126,102,150.9,160,91.79,2454.12,80.95,94.31,-7.55
E0055,2026-01,Sales,SAL-A,Sales Manager 3,39,37,134.7,160,90.14,7984.03,94.87,84.19,
E0055,2026-02,Sales,SAL-A,Sales Manager 3,46,40,144.4,160,91.22,8548.24,86.96,90.25,-7.91
E0055,2026-03,Sales,SAL-A,Sales Manager 3,48,41,145.8,160,90.86,9376.81,85.42,91.13,-1.54
E0055,2026-04,Sales,SAL-A,Sales Manager 3,47,41,140.7,160,89.02,9359.63,87.23,87.94,1.81
E0055,2026-05,Sales,SAL-A,Sales Manager 3,44,36,128.1,160,88.52,8417.21,81.82,80.06,-5.41
E0055,2026-06,Sales,SAL-A,Sales Manager 3,45,38,141.9,160,92.05,8555.55,84.44,88.69,2.62
E0055,2026-07,Sales,SAL-A,Sales Manager 3,47,34,115.6,160,96.18,8001.47,72.34,72.25,-12.1
E0055,2026-08,Sales,SAL-A,Sales Manager 3,49,33,114.7,160,85.88,7414.21,67.35,71.69,-4.99
E0056,2026-01,Sales,SAL-C,Sales Manager 2,41,37,128.5,160,88.9,8470.6,90.24,80.31,
E0056,2026-02,Sales,SAL-C,Sales Manager 2,46,41,147.2,160,87.09,9100.72,89.13,92.0,-1.11
E0056,2026-03,Sales,SAL-C,Sales Manager 2,46,44,151.2,160,90.08,10284.21,95.65,94.5,6.52
E0056,2026-04,Sales,SAL-C,Sales Manager 2,45,40,139.2,160,90.29,9173.42,88.89,87.0,-6.76
E0056,2026-05,Sales,SAL-C,Sales Manager 2,48,40,143.8,160,86.47,9017.26,83.33,89.88,-5.56
E0056,2026-06,Sales,SAL-C,Sales Manager 2,49,38,140.1,160,90.51,8327.32,77.55,87.56,-5.78
E0056,2026-07,Sales,SAL-C,Sales Manager 2,49,39,134.4,160,89.82,9101.41,79.59,84.0,2.04
E0056,2026-08,Sales,SAL-C,Sales Manager 2,51,35,122.0,160,87.28,7474.64,68.63,76.25,-10.96
E0057,2026-01,Customer Support,SUP-A,Customer Manager 2,165,160,151.8,160,96.44,1924.13,96.97,94.88,
E0057,2026-02,Customer Support,SUP-A,Customer Manager 2,149,135,127.8,160,93.37,1564.01,90.6,79.88,-6.37
E0057,2026-03,Customer Support,SUP-A,Customer Manager 2,156,140,137.8,160,99.5,1640.8,89.74,86.12,-0.86
E0057,2026-04,Customer Support,SUP-A,Customer Manager 2,163,140,141.5,160,93.86,1703.85,85.89,88.44,-3.85
E0057,2026-05,Customer Support,SUP-A,Customer Manager 2,183,142,134.4,160,97.96,1800.85,77.6,84.0,-8.29
E0057,2026-06,Customer Support,SUP-A,Customer Manager 2,174,156,147.2,160,92.9,1865.24,89.66,92.0,12.06
E0057,2026-07,Customer Support,SUP-A,Customer Manager 2,186,139,142.7,160,90.01,1590.95,74.73,89.19,-14.93
E0057,2026-08,Customer Support,SUP-A,Customer Manager 2,175,165,160.6,160,93.38,1991.77,94.29,100.37,19.56
E0058,2026-01,Operations,OPS-B,Operations Manager 2,111,103,125.5,160,94.01,1868.34,92.79,78.44,
E0058,2026-02,Operations,OPS-B,Operations Manager 2,124,118,145.9,160,92.96,2142.68,95.16,91.19,2.37
E0058,2026-03,Operations,OPS-B,Operations Manager 2,135,122,152.5,160,97.58,2155.19,90.37,95.31,-4.79
E0058,2026-04,Operations,OPS-B,Operations Manager 2,142,123,163.4,160,94.13,2355.51,86.62,102.12,-3.75
E0058,2026-05,Operations,OPS-B,Operations Manager 2,136,99,127.1,160,91.34,1871.96,72.79,79.44,-13.83
E0058,2026-06,Operations,OPS-B,Operations Manager 2,144,105,139.2,160,84.69,1836.47,72.92,87.0,0.13
E0058,2026-07,Operations,OPS-B,Operations Manager 2,149,95,112.0,160,90.92,1810.17,63.76,70.0,-9.16
E0058,2026-08,Operations,OPS-B,Operations Manager 2,159,100,129.9,160,97.14,1731.97,62.89,81.19,-0.87
E0059,2026-01,Technology,TEC-B,Technology Manager 2,69,68,149.7,160,95.5,6732.37,98.55,93.56,
E0059,2026-02,Technology,TEC-B,Technology Manager 2,77,72,146.0,160,96.78,6769.64,93.51,91.25,-5.04
E0059,2026-03,Technology,TEC-B,Technology Manager 2,82,67,146.2,160,91.84,6556.4,81.71,91.38,-11.8
E0059,2026-04,Technology,TEC-B,Technology Manager 2,77,67,134.4,160,92.8,6618.94,87.01,84.0,5.3
E0059,2026-05,Technology,TEC-B,Technology Manager 2,84,78,173.0,160,92.79,7220.98,92.86,108.12,5.85
E0059,2026-06,Technology,TEC-B,Technology Manager 2,95,78,158.0,160,90.08,7762.73,82.11,98.75,-10.75
E0059,2026-07,Technology,TEC-B,Technology Manager 2,99,67,144.7,160,92.67,6725.14,67.68,90.44,-14.43
E0059,2026-08,Technology,TEC-B,Technology Manager 2,107,77,167.4,160,90.24,7437.94,71.96,104.63,4.28
E0060,2026-01,Customer Support,SUP-C,Customer Manager 1,151,143,138.4,160,86.5,1810.16,94.7,86.5,
E0060,2026-02,Customer Support,SUP-C,Customer Manager 1,150,135,126.4,160,90.87,1642.16,90.0,79.0,-4.7
E0060,2026-03,Customer Support,SUP-C,Customer Manager 1,154,144,140.1,160,83.74,1716.98,93.51,87.56,3.51
E0060,2026-04,Customer Support,SUP-C,Customer Manager 1,152,139,128.0,160,89.4,1608.03,91.45,80.0,-2.06
E0060,2026-05,Customer Support,SUP-C,Customer Manager 1,157,158,142.9,160,91.88,1987.74,100.64,89.31,9.19
E0060,2026-06,Customer Support,SUP-C,Customer Manager 1,176,166,165.8,160,89.68,2009.74,94.32,103.63,-6.32
E0060,2026-07,Customer Support,SUP-C,Customer Manager 1,185,164,163.4,160,95.0,2078.86,88.65,102.12,-5.67
E0060,2026-08,Customer Support,SUP-C,Customer Manager 1,166,151,137.4,160,90.93,1805.37,90.96,85.88,2.31
E0061,2026-01,Customer Support,SUP-B,Customer Manager 1,165,139,141.9,160,90.33,1586.69,84.24,88.69,
E0061,2026-02,Customer Support,SUP-B,Customer Manager 1,150,139,137.4,160,90.1,1643.65,92.67,85.88,8.43
E0061,2026-03,Customer Support,SUP-B,Customer Manager 1,156,147,144.7,160,93.85,1713.63,94.23,90.44,1.56
E0061,2026-04,Customer Support,SUP-B,Customer Manager 1,167,157,157.6,160,93.86,1949.83,94.01,98.5,-0.22
E0061,2026-05,Customer Support,SUP-B,Customer Manager 1,155,138,124.8,160,91.95,1668.98,89.03,78.0,-4.98
E0061,2026-06,Customer Support,SUP-B,Customer Manager 1,179,159,145.3,160,91.6,1817.69,88.83,90.81,-0.2
E0061,2026-07,Customer Support,SUP-B,Customer Manager 1,157,147,147.4,160,94.52,1799.19,93.63,92.12,4.8
E0062,2026-01,Customer Support,SUP-A,Customer Manager 2,145,148,134.7,160,90.81,1891.84,102.07,84.19,
E0062,2026-02,Customer Support,SUP-A,Customer Manager 2,155,156,143.8,160,93.12,1795.27,100.65,89.88,-1.42
E0062,2026-03,Customer Support,SUP-A,Customer Manager 2,160,141,144.1,160,92.7,1674.42,88.12,90.06,-12.53
E0062,2026-04,Customer Support,SUP-A,Customer Manager 2,150,141,134.8,160,96.39,1627.42,94.0,84.25,5.88
E0062,2026-05,Customer Support,SUP-A,Customer Manager 2,180,160,149.1,160,84.94,1984.55,88.89,93.19,-5.11
E0062,2026-06,Customer Support,SUP-A,Customer Manager 2,154,137,132.8,160,88.69,1703.97,88.96,83.0,0.07
E0062,2026-07,Customer Support,SUP-A,Customer Manager 2,185,143,133.0,160,94.77,1802.69,77.3,83.12,-11.66
E0062,2026-08,Customer Support,SUP-A,Customer Manager 2,173,152,150.0,160,92.03,1867.05,87.86,93.75,10.56
E0063,2026-01,Operations,OPS-C,Operations Manager 2,125,118,141.9,160,90.81,2033.98,94.4,88.69,
E0063,2026-02,Operations,OPS-C,Operations Manager 2,132,107,141.6,160,93.05,1880.54,81.06,88.5,-13.34
E0063,2026-03,Operations,OPS-C,Operations Manager 2,126,123,146.3,160,91.37,2357.86,97.62,91.44,16.56
E0063,2026-04,Operations,OPS-C,Operations Manager 2,130,116,153.1,160,90.47,2083.63,89.23,95.69,-8.39
E0063,2026-05,Operations,OPS-C,Operations Manager 2,127,113,147.3,160,94.92,2093.89,88.98,92.06,-0.25
E0063,2026-06,Operations,OPS-C,Operations Manager 2,153,98,120.4,160,89.15,1746.21,64.05,75.25,-24.93
E0063,2026-07,Operations,OPS-C,Operations Manager 2,135,114,139.2,160,90.64,2005.42,84.44,87.0,20.39
E0063,2026-08,Operations,OPS-C,Operations Manager 2,160,102,131.2,160,94.14,1892.98,63.75,82.0,-20.69
E0064,2026-01,Technology,TEC-B,Technology Manager 2,74,69,154.0,160,97.98,6290.51,93.24,96.25,
E0064,2026-02,Technology,TEC-B,Technology Manager 2,80,74,162.1,160,92.55,6936.44,92.5,101.31,-0.74
E0064,2026-03,Technology,TEC-B,Technology Manager 2,81,63,137.6,160,90.57,5846.32,77.78,86.0,-14.72
E0064,2026-04,Technology,TEC-B,Technology Manager 2,80,70,155.6,160,87.03,6489.79,87.5,97.25,9.72
E0064,2026-05,Technology,TEC-B,Technology Manager 2,89,72,156.3,160,92.48,6655.15,80.9,97.69,-6.6
E0064,2026-06,Technology,TEC-B,Technology Manager 2,88,73,161.7,160,94.41,7283.25,82.95,101.06,2.05
E0064,2026-07,Technology,TEC-B,Technology Manager 2,96,66,144.6,160,89.67,6062.88,68.75,90.38,-14.2
E0064,2026-08,Technology,TEC-B,Technology Manager 2,93,71,153.5,160,94.5,6503.44,76.34,95.94,7.59
E0065,2026-01,Operations,OPS-B,Operations Manager 3,132,128,151.5,160,88.69,2215.7,96.97,94.69,
E0065,2026-02,Operations,OPS-B,Operations Manager 3,126,110,139.9,160,87.58,2103.92,87.3,87.44,-9.67
E0065,2026-03,Operations,OPS-B,Operations Manager 3,141,127,148.3,160,85.53,2351.05,90.07,92.69,2.77
E0065,2026-04,Operations,OPS-B,Operations Manager 3,139,105,124.6,160,88.14,1930.48,75.54,77.88,-14.53
E0065,2026-05,Operations,OPS-B,Operations Manager 3,130,101,126.5,160,90.2,1934.82,77.69,79.06,2.15
E0065,2026-06,Operations,OPS-B,Operations Manager 3,157,105,123.0,160,92.2,2011.23,66.88,76.88,-10.81
E0065,2026-07,Operations,OPS-B,Operations Manager 3,160,114,148.8,160,88.12,2069.2,71.25,93.0,4.37
E0065,2026-08,Operations,OPS-B,Operations Manager 3,163,107,126.4,160,93.26,1850.78,65.64,79.0,-5.61
E0066,2026-01,Customer Support,SUP-B,Customer Manager 3,146,135,127.4,160,91.83,1604.13,92.47,79.62,
E0066,2026-02,Customer Support,SUP-B,Customer Manager 3,164,145,139.5,160,90.54,1841.98,88.41,87.19,-4.06
E0066,2026-03,Customer Support,SUP-B,Customer Manager 3,178,156,143.9,160,97.2,1800.74,87.64,89.94,-0.77
E0066,2026-04,Customer Support,SUP-B,Customer Manager 3,151,140,129.9,160,82.92,1627.05,92.72,81.19,5.08
E0066,2026-05,Customer Support,SUP-B,Customer Manager 3,166,158,151.6,160,91.55,1826.72,95.18,94.75,2.46
E0066,2026-06,Customer Support,SUP-B,Customer Manager 3,170,150,140.6,160,91.72,1815.72,88.24,87.87,-6.94
E0066,2026-07,Customer Support,SUP-B,Customer Manager 3,178,160,153.3,160,87.96,1867.92,89.89,95.81,1.65
E0066,2026-08,Customer Support,SUP-B,Customer Manager 3,183,171,163.8,160,92.65,2006.58,93.44,102.38,3.55
E0067,2026-01,Operations,OPS-A,Operations Manager 1,119,109,144.1,160,91.94,1932.81,91.6,90.06,
E0067,2026-02,Operations,OPS-A,Operations Manager 1,135,112,137.2,160,93.54,2128.76,82.96,85.75,-8.64
E0067,2026-03,Operations,OPS-A,Operations Manager 1,144,111,131.8,160,95.15,2017.57,77.08,82.38,-5.88
E0067,2026-04,Operations,OPS-A,Operations Manager 1,137,114,151.1,160,90.72,2120.49,83.21,94.44,6.13
E0067,2026-05,Operations,OPS-A,Operations Manager 1,128,104,125.2,160,93.78,2002.45,81.25,78.25,-1.96
E0067,2026-06,Operations,OPS-A,Operations Manager 1,153,111,139.9,160,87.44,2054.56,72.55,87.44,-8.7
E0067,2026-07,Operations,OPS-A,Operations Manager 1,155,97,116.1,160,84.93,1680.66,62.58,72.56,-9.97
E0067,2026-08,Operations,OPS-A,Operations Manager 1,164,102,135.6,160,92.37,1750.72,62.2,84.75,-0.38
E0068,2026-03,Sales,SAL-C,Sales Manager 2,42,29,109.9,160,90.06,6216.88,69.05,68.69,
E0068,2026-04,Sales,SAL-C,Sales Manager 2,45,27,91.4,160,87.19,6191.68,60.0,57.12,-9.05
E0068,2026-05,Sales,SAL-C,Sales Manager 2,44,30,104.8,160,85.25,6869.12,68.18,65.5,8.18
E0068,2026-06,Sales,SAL-C,Sales Manager 2,49,30,111.7,160,91.14,6900.97,61.22,69.81,-6.96
E0068,2026-07,Sales,SAL-C,Sales Manager 2,51,38,141.6,160,87.25,8164.29,74.51,88.5,13.29
E0068,2026-08,Sales,SAL-C,Sales Manager 2,48,34,125.1,160,86.83,7263.11,70.83,78.19,-3.68
E0069,2026-01,Quality,QUA-B,Quality Manager 2,103,103,138.6,160,89.91,2609.34,100.0,86.62,
E0069,2026-02,Quality,QUA-B,Quality Manager 2,109,106,154.9,160,94.33,2541.76,97.25,96.81,-2.75
E0069,2026-03,Quality,QUA-B,Quality Manager 2,101,94,140.4,160,88.59,2174.93,93.07,87.75,-4.18
E0069,2026-04,Quality,QUA-B,Quality Manager 2,106,98,130.7,160,96.24,2390.4,92.45,81.69,-0.62
E0069,2026-05,Quality,QUA-B,Quality Manager 2,119,111,167.6,160,85.34,2732.76,93.28,104.75,0.83
E0069,2026-06,Quality,QUA-B,Quality Manager 2,110,103,148.6,160,95.14,2348.85,93.64,92.88,0.36
E0069,2026-07,Quality,QUA-B,Quality Manager 2,109,106,160.1,160,99.39,2664.21,97.25,100.06,3.61
E0069,2026-08,Quality,QUA-B,Quality Manager 2,119,101,144.3,160,97.49,2364.46,84.87,90.19,-12.38
E0070,2026-08,Technology,TEC-B,Technology Manager 2,109,51,114.1,160,91.62,5163.41,46.79,71.31,
E0071,2026-01,Sales,SAL-B,Sales Manager 2,39,38,140.1,160,90.78,8333.48,97.44,87.56,
E0071,2026-02,Sales,SAL-B,Sales Manager 2,46,39,132.7,160,89.46,8561.16,84.78,82.94,-12.66
E0071,2026-03,Sales,SAL-B,Sales Manager 2,43,39,146.2,160,90.13,8537.29,90.7,91.38,5.92
E0071,2026-04,Sales,SAL-B,Sales Manager 2,48,39,137.2,160,89.8,9135.43,81.25,85.75,-9.45
E0071,2026-05,Sales,SAL-B,Sales Manager 2,49,38,138.8,160,86.59,8131.12,77.55,86.75,-3.7
E0071,2026-06,Sales,SAL-B,Sales Manager 2,51,41,147.8,160,87.77,8585.29,80.39,92.38,2.84
E0071,2026-07,Sales,SAL-B,Sales Manager 2,49,35,126.5,160,90.84,7886.7,71.43,79.06,-8.96
E0071,2026-08,Sales,SAL-B,Sales Manager 2,51,39,133.1,160,93.63,9059.86,76.47,83.19,5.04
E0072,2026-03,Operations,OPS-B,Operations Manager 2,135,79,97.9,160,94.31,1361.38,58.52,61.19,
E0072,2026-04,Operations,OPS-B,Operations Manager 2,125,88,103.3,160,88.73,1593.64,70.4,64.56,11.88
E0072,2026-05,Operations,OPS-B,Operations Manager 2,132,92,119.8,160,87.77,1582.81,69.7,74.88,-0.7
E0072,2026-06,Operations,OPS-B,Operations Manager 2,148,101,125.4,160,94.48,1873.94,68.24,78.38,-1.46
E0072,2026-07,Operations,OPS-B,Operations Manager 2,161,108,138.1,160,89.52,1884.98,67.08,86.31,-1.16
E0072,2026-08,Operations,OPS-B,Operations Manager 2,150,91,120.1,160,99.24,1658.67,60.67,75.06,-6.41
E0073,2026-01,Customer Support,SUP-C,Customer Manager 1,170,140,140.5,160,92.41,1629.34,82.35,87.81,
E0073,2026-02,Customer Support,SUP-C,Customer Manager 1,166,158,152.1,160,95.34,1844.3,95.18,95.06,12.83
E0073,2026-03,Customer Support,SUP-C,Customer Manager 1,168,163,150.0,160,92.88,1910.27,97.02,93.75,1.84
E0073,2026-04,Customer Support,SUP-C,Customer Manager 1,152,134,129.3,160,90.39,1552.29,88.16,80.81,-8.86
E0073,2026-05,Customer Support,SUP-C,Customer Manager 1,171,147,138.6,160,93.19,1717.76,85.96,86.62,-2.2
E0073,2026-06,Customer Support,SUP-C,Customer Manager 1,158,161,147.2,160,87.98,1916.39,101.9,92.0,15.94
E0073,2026-07,Customer Support,SUP-C,Customer Manager 1,157,142,143.0,160,85.7,1680.93,90.45,89.38,-11.45
E0073,2026-08,Customer Support,SUP-C,Customer Manager 1,171,139,140.7,160,84.12,1666.12,81.29,87.94,-9.16
E0074,2026-01,Sales,SAL-A,Sales Manager 1,46,38,138.8,160,90.41,8279.39,82.61,86.75,
E0074,2026-02,Sales,SAL-A,Sales Manager 1,42,42,158.7,160,87.93,8987.2,100.0,99.19,17.39
E0074,2026-03,Sales,SAL-A,Sales Manager 1,45,42,144.3,160,83.87,9476.91,93.33,90.19,-6.67
E0074,2026-04,Sales,SAL-A,Sales Manager 1,47,39,144.6,160,84.51,8235.75,82.98,90.38,-10.35
E0074,2026-05,Sales,SAL-A,Sales Manager 1,50,35,120.5,160,84.92,7736.79,70.0,75.31,-12.98
E0074,2026-06,Sales,SAL-A,Sales Manager 1,48,36,124.4,160,81.44,7813.55,75.0,77.75,5.0
E0074,2026-07,Sales,SAL-A,Sales Manager 1,50,41,150.7,160,96.62,9212.17,82.0,94.19,7.0
E0075,2026-01,Sales,SAL-A,Sales Manager 3,45,41,146.8,160,86.52,9423.87,91.11,91.75,
E0075,2026-02,Sales,SAL-A,Sales Manager 3,44,42,149.9,160,91.83,8817.32,95.45,93.69,4.34
E0075,2026-03,Sales,SAL-A,Sales Manager 3,43,41,141.1,160,94.91,8858.57,95.35,88.19,-0.1
E0075,2026-04,Sales,SAL-A,Sales Manager 3,47,40,144.7,160,88.77,9200.07,85.11,90.44,-10.24
E0075,2026-05,Sales,SAL-A,Sales Manager 3,46,42,140.4,160,84.74,9219.99,91.3,87.75,6.19
E0075,2026-06,Sales,SAL-A,Sales Manager 3,49,42,146.5,160,89.79,9732.9,85.71,91.56,-5.59
E0075,2026-07,Sales,SAL-A,Sales Manager 3,51,36,133.6,160,92.5,8437.5,70.59,83.5,-15.12
E0076,2026-01,Sales,SAL-B,Sales Manager 2,40,37,129.4,160,85.81,7927.39,92.5,80.88,
E0076,2026-02,Sales,SAL-B,Sales Manager 2,45,40,139.7,160,89.36,8497.79,88.89,87.31,-3.61
E0076,2026-03,Sales,SAL-B,Sales Manager 2,46,37,139.3,160,93.33,8707.65,80.43,87.06,-8.46
E0076,2026-04,Sales,SAL-B,Sales Manager 2,44,39,132.6,160,88.95,9163.04,88.64,82.88,8.21
E0076,2026-05,Sales,SAL-B,Sales Manager 2,43,39,145.1,160,93.08,8547.4,90.7,90.69,2.06
E0076,2026-06,Sales,SAL-B,Sales Manager 2,44,35,122.1,160,89.58,8021.19,79.55,76.31,-11.15
E0076,2026-07,Sales,SAL-B,Sales Manager 2,52,35,119.4,160,90.86,7920.1,67.31,74.63,-12.24
E0076,2026-08,Sales,SAL-B,Sales Manager 2,48,34,124.3,160,88.4,7942.89,70.83,77.69,3.52
E0077,2026-01,Marketing,MKT-A,Marketing Manager 3,88,76,132.5,160,89.24,3981.77,86.36,82.81,
E0077,2026-02,Marketing,MKT-A,Marketing Manager 3,88,73,128.7,160,96.56,4026.59,82.95,80.44,-3.41
E0077,2026-03,Marketing,MKT-A,Marketing Manager 3,78,75,145.4,160,92.95,4406.11,96.15,90.88,13.2
E0077,2026-04,Marketing,MKT-A,Marketing Manager 3,92,79,144.2,160,91.2,4615.05,85.87,90.12,-10.28
E0077,2026-05,Marketing,MKT-A,Marketing Manager 3,95,88,160.8,160,92.86,4659.99,92.63,100.5,6.76
E0078,2026-01,Technology,TEC-B,Technology Manager 3,70,67,143.0,160,90.76,6399.06,95.71,89.38,
E0078,2026-02,Technology,TEC-B,Technology Manager 3,73,66,139.1,160,92.98,6482.11,90.41,86.94,-5.3
E0078,2026-03,Technology,TEC-B,Technology Manager 3,77,73,165.2,160,91.06,6840.04,94.81,103.25,4.4
E0078,2026-04,Technology,TEC-B,Technology Manager 3,77,67,137.6,160,89.67,6797.78,87.01,86.0,-7.8
E0078,2026-05,Technology,TEC-B,Technology Manager 3,91,75,159.9,160,93.07,7499.2,82.42,99.94,-4.59
E0078,2026-06,Technology,TEC-B,Technology Manager 3,88,74,157.1,160,88.63,6832.48,84.09,98.19,1.67
E0078,2026-07,Technology,TEC-B,Technology Manager 3,104,79,160.3,160,92.1,7829.7,75.96,100.19,-8.13
E0078,2026-08,Technology,TEC-B,Technology Manager 3,107,72,148.5,160,86.27,7111.44,67.29,92.81,-8.67
E0079,2026-01,Technology,TEC-A,Technology Manager 1,77,71,142.7,160,89.76,6816.42,92.21,89.19,
E0079,2026-02,Technology,TEC-A,Technology Manager 1,72,74,156.5,160,89.34,6971.3,102.78,97.81,10.57
E0079,2026-03,Technology,TEC-A,Technology Manager 1,72,69,146.8,160,92.8,6464.24,95.83,91.75,-6.95
E0079,2026-04,Technology,TEC-A,Technology Manager 1,77,72,152.1,160,87.37,7040.94,93.51,95.06,-2.32
E0079,2026-05,Technology,TEC-A,Technology Manager 1,80,64,131.2,160,84.29,6143.08,80.0,82.0,-13.51
E0079,2026-06,Technology,TEC-A,Technology Manager 1,95,76,155.7,160,94.35,7686.88,80.0,97.31,0.0
E0079,2026-07,Technology,TEC-A,Technology Manager 1,89,66,139.7,160,92.31,6285.62,74.16,87.31,-5.84
E0079,2026-08,Technology,TEC-A,Technology Manager 1,107,66,136.2,160,89.89,6664.37,61.68,85.12,-12.48
E0080,2026-01,Operations,OPS-B,Operations Manager 1,120,108,141.1,160,90.77,1913.55,90.0,88.19,
E0080,2026-02,Operations,OPS-B,Operations Manager 1,115,113,140.9,160,96.53,2144.19,98.26,88.06,8.26
E0080,2026-03,Operations,OPS-B,Operations Manager 1,139,112,139.5,160,90.73,2029.66,80.58,87.19,-17.68
E0080,2026-04,Operations,OPS-B,Operations Manager 1,126,113,141.0,160,96.77,2172.35,89.68,88.12,9.1
E0080,2026-05,Operations,OPS-B,Operations Manager 1,127,107,126.5,160,90.55,2046.6,84.25,79.06,-5.43
E0080,2026-06,Operations,OPS-B,Operations Manager 1,137,97,125.1,160,91.32,1836.15,70.8,78.19,-13.45
E0080,2026-07,Operations,OPS-B,Operations Manager 1,159,103,125.0,160,86.95,1861.65,64.78,78.12,-6.02
E0080,2026-08,Operations,OPS-B,Operations Manager 1,151,94,115.3,160,90.48,1750.11,62.25,72.06,-2.53
